{"cameraMode":{"drawMode":0,"name":"Shaded","section":"Shading Mode"},"sceneLighting":true,"audioPlay":false,"sceneViewState":{"m_AlwaysRefresh":false,"showFog":true,"showSkybox":true,"showFlares":true,"showImageEffects":true,"showParticleSystems":true,"showVisualEffectGraphs":true,"m_FxEnabled":true},"in2DMode":false,"pivot":{"x":-4.9527411460876469,"y":11.781647682189942,"z":-25.523937225341798},"rotation":{"x":0.30176761746406557,"y":0.059848833829164508,"z":-0.019337216392159463,"w":0.9513077139854431},"size":3.5377962589263918,"orthographic":false}